id,link,urun_adi,fiyat,yorum_puani,stok_durumu,yerel_gorsel_yolu,yorumlar,durum,tarama_tarihi
1,https://www.amazon.co.uk/dp/B0CP481DTZ,"Marvel Spidey and His Amazing Friends, Friends & Foes Pack, Action Figure Set",TRY300.74,4.7 / 5,This item cannot be dispatched to your selected delivery location. Please choose a different delivery location.,urun_gorselleri\urun_1.jpg,"Bought these for my 3 year old son that is Spidey obsessed! This set definitely got his Spidey senses tingling. He has not put them down since he received them as a gift. The figures are a good size and they look and feel to be of good quality. The figures arms, legs and heads are articulated and seem very durable. The pack offers great value compared to buying the figures individually. Of note though is that the individual figures come with additional accessories. Regardless of the accessory situation, the pack is still a great set at a great price!
---
Larger figures than I thought...that's a good thing as far as my granddaughter was concerned. Great price for 5 figures and good quality for the market they're aimed at. Good detail and accurate likeness to the TV characters.
---
The Marvel Spidey and His Amazing Friends Friends & Foes Pack is an exciting action figure set perfect for young fans of the Spider-Man universe. Featuring popular characters from the series, this set encourages imaginative play and storytelling. The figures are well-crafted with vibrant colors and articulated joints, allowing for dynamic poses and interactive fun. Ideal for collectors and kids alike, this pack brings the thrill of superhero adventures to life. Overall, it’s a great addition to any Marvel or Spidey fan’s collection, combining quality and entertainment in one package.
---
Great toys. Perfect for little 1s to play with. Made very well. Good price.
---
These figures were a Christmas present for my two year old grandson, he loved them and because they are quite small they were just right for his little hands to carry around.",tamamlandi,2026-05-17 15:59:54
2,https://www.amazon.co.uk/dp/B0CFZG29WC,Marvel Legends Series Red Hulk Captain America: Brave New World 15-cm Action Figure,"TRY1,653.14",4.7 / 5,Only 2 left in stock.,urun_gorselleri\urun_2.jpg,"Like hulk but red, decent son loves it
---
Even though I didn't think much of the film it was based on, this figure is excellent.
---
Some small parts not easy to attatch
---
骨太な感じが素晴らしいですね。手の他のパーツのバリエーションが欲しかった。
---
Excelente artículo, lastima que el molde es un re color de la de el Hulk de Mark Ruffalo. Pero como artículo está muy bien.",tamamlandi,2026-05-17 15:59:54
3,https://www.amazon.co.uk/dp/B0DLH5XMRH,"Disney Store Official Buzz Lightyear Interactive Talking Action Figure, Pixar's Toy Story, 36cm/14”, Space Ranger Toy Featuring 15+ English Phrases, Interacts with Other Characters, Ages 3+","TRY2,733.36",4.5 / 5,This item cannot be dispatched to your selected delivery location. Please choose a different delivery location.,urun_gorselleri\urun_3.jpg,"Great Character toy from Toy Story. My son wanted the Interactive Buzz lightyear so he can talk to the other Toy Story Toys like Woody , Alien, Jesse and Zurg. Makes a great gift for Buzz light year fans. Quite a big toy so suitable for older toddlers. Real Buzz Year voice and sounds from the movies.
---
Buzz is very cool and I am pleased with the quality and stuff! Well worth it for a birthday or Christmas (and more!)
---
We bought the Buzz lightyear. Pros: Brilliant toy, very sturdy great for little hands, all sound effects worked perfectly and my little boy had hours of fun with Buzz. Comes with spaceship box which only adds to the imaginative play. Cons: the button to release the helmet visor broke within minutes. So now the visor stays open all the time. My boy was a bit annoyed by this but quickly got over it when he realised that it doesn’t really affect play too much. Just a shame for something on an almost £40 to break so quickly.
---
Item received on time well packaged. The little one absolutely loves Rex he presses button and his woody will start conversing with it. Great if your child loves dinosaurs and toy story.
---
Great grandson loves it is quite big but good quality",tamamlandi,2026-05-17 15:59:54
4,https://www.amazon.co.uk/dp/B0FDWW35KD,"Marvel Avengers Titan Series Iron Man 29.2-cm (11.5 inch) Action Figure, Super Hero Figures & Toys for kids, Ages 4+, Red",This is the way to the Star Wars collectors corner,4.8 / 5,Stok detayı net değil,urun_gorselleri\urun_4.jpg,"An amazing toy, my little one didn't expect more, very satisfied.
---
Really good figure well made arrived quickly
---
Por fin tienen más articulaciones!!!
---
My grandson loved it!
---
Figurine de bonne qualité. Mon fils est ravi",tamamlandi,2026-05-17 15:59:54
5,https://www.amazon.co.uk/dp/B0DLH5JYBD,"Disney Store Official Sheriff Woody Interactive Talking Action Figure, Pixar's Toy Story, 39cm/15”, Pull string Cowboy Doll Featuring 15+ English Phrases, Interacts with Other Characters, Ages 3+",Fiyat bulunamadı,4.5 / 5,This item cannot be dispatched to your selected delivery location. Please choose a different delivery location.,urun_gorselleri\urun_5.jpg,"Great Character toy from Toy Story. My son wanted the Interactive Buzz lightyear so he can talk to the other Toy Story Toys like Woody , Alien, Jesse and Zurg. Makes a great gift for Buzz light year fans. Quite a big toy so suitable for older toddlers. Real Buzz Year voice and sounds from the movies.
---
Buzz is very cool and I am pleased with the quality and stuff! Well worth it for a birthday or Christmas (and more!)
---
We bought the Buzz lightyear. Pros: Brilliant toy, very sturdy great for little hands, all sound effects worked perfectly and my little boy had hours of fun with Buzz. Comes with spaceship box which only adds to the imaginative play. Cons: the button to release the helmet visor broke within minutes. So now the visor stays open all the time. My boy was a bit annoyed by this but quickly got over it when he realised that it doesn’t really affect play too much. Just a shame for something on an almost £40 to break so quickly.
---
Item received on time well packaged. The little one absolutely loves Rex he presses button and his woody will start conversing with it. Great if your child loves dinosaurs and toy story.
---
Great grandson loves it is quite big but good quality",tamamlandi,2026-05-17 15:59:54
6,https://www.amazon.co.uk/dp/B0CCSRZD2G,"Marvel Studios Captain America Brave New World, Titan Hero Series Deluxe Red Hulk Action Figure","TRY1,653.14",4.6 / 5,This item cannot be dispatched to your selected delivery location. Please choose a different delivery location.,urun_gorselleri\urun_6.jpg,"Our son loves this. Similar to the other 12inch range of Marvel toys, arms and legs move but don’t bend. Made from a hard plastic, seems sturdy and would be difficult for a child to break. No small pieces, perfect for a 2+ toddler discovering superheroes. Good price
---
Great quality, looks and feels very well made . One very happy grandson .
---
Just as it is in the picture. Good value for money. It’s big in size my toddler loved it! Great quality too.
---
These arrived in great condition packaged well... they were alot bigger than i expected which for the price was amazing. Very happy grandsons really pleased
---
Good quality my toddler loves it",tamamlandi,2026-05-17 15:59:54
7,https://www.amazon.co.uk/dp/B0CN9H4557,"MonsterVerse Godzilla x Kong: The New Empire, 6-Inch Shimo Action Figure Toy, Iconic Collectable Movie Character, Includes Realistic Frost Bite Blast Feature, Toy Suitable for Ages 4 Years+",Fiyat bulunamadı,4.7 / 5,This item cannot be dispatched to your selected delivery location. Please choose a different delivery location.,urun_gorselleri\urun_7.jpg,"Very fun to play with
---
This Shimo 6-Inch Action Figure from Godzilla x Kong: The New Empire is an absolute winner. Although the box says 4+, my 3-year-old is completely obsessed and it’s been rugged enough to stand up to his very enthusiastic play sessions. The figure is iconic and highly detailed for a collectable toy. The standout feature is definitely the Realistic Frost Bite Blast - it’s simple enough for a preschooler to use and adds so much to the play experience. It’s solid, durable, and an instantly recognisable character from the movie. If you have a little monster fan in the house, this is a brilliant purchase!
---
Great toy for my grandson can go with the other bits
---
Nice quality figure and movable limbs to .happy with my purchase
---
I bought this for my grandson he loves it",tamamlandi,2026-05-17 15:59:54
8,https://www.amazon.co.uk/dp/B0CP9LJPNR,"Sonic 3 Movie Sonic Collector Toy Figure by Jakks Pacific, Stands 5” / 13 cm Tall, Highly Articulated for Boys/Girls, Officially Licensed 3 Movie, Suggested for Ages 3+","TRY1,051.66",4.6 / 5,Stok detayı net değil,urun_gorselleri\urun_8.jpg,"As a massive fan of Sonic the Hedgehog 3, I couldn’t resist adding this Tails figure to my collection, and it definitely didn’t disappoint! The figure stands at 5 inches tall, and the level of articulation is fantastic—perfect for posing in various action-packed positions. The attention to detail is impressive, especially considering it’s based on the Sonic 3 movie. Tails’ design is spot-on, capturing his iconic look from the film. Whether you’re a collector or a fan looking to add a bit of Sonic flair to your room, this figure is a great choice. It’s officially licensed, which is a huge plus, and it’s sturdy enough for both display and play. I’d highly recommend this for any Sonic enthusiast or as a gift for younger fans (recommended for ages 3 and up). Overall, this Tails figure is a must-have for any Sonic the Hedgehog fan!
---
Arm broke after a few play time.
---
Well made figure, reasonably priced and daughter was happy with it.. shall be added to her large collection of sonic themed figures and pops..
---
Perfect. No issues at all. Great quality product
---
Thank you for the quick delivery this was bought for my grandson, I'm impressed the arms move not just from the shoulders, but also from the elbow and wrists.",tamamlandi,2026-05-17 15:59:54
9,https://www.amazon.co.uk/dp/B0DLH3GNT2,"Disney Store Official Jessie Interactive Talking Action Figure, Pixar's Toy Story, 36cm/14”, Pull string Cowgirl Doll Featuring 15+ English Phrases, Interacts with Other Characters, Ages 3+",TRY648.86,4.5 / 5,This item cannot be dispatched to your selected delivery location. Please choose a different delivery location.,urun_gorselleri\urun_9.jpg,"Great Character toy from Toy Story. My son wanted the Interactive Buzz lightyear so he can talk to the other Toy Story Toys like Woody , Alien, Jesse and Zurg. Makes a great gift for Buzz light year fans. Quite a big toy so suitable for older toddlers. Real Buzz Year voice and sounds from the movies.
---
Buzz is very cool and I am pleased with the quality and stuff! Well worth it for a birthday or Christmas (and more!)
---
We bought the Buzz lightyear. Pros: Brilliant toy, very sturdy great for little hands, all sound effects worked perfectly and my little boy had hours of fun with Buzz. Comes with spaceship box which only adds to the imaginative play. Cons: the button to release the helmet visor broke within minutes. So now the visor stays open all the time. My boy was a bit annoyed by this but quickly got over it when he realised that it doesn’t really affect play too much. Just a shame for something on an almost £40 to break so quickly.
---
Item received on time well packaged. The little one absolutely loves Rex he presses button and his woody will start conversing with it. Great if your child loves dinosaurs and toy story.
---
Great grandson loves it is quite big but good quality",tamamlandi,2026-05-17 15:59:54
10,https://www.amazon.co.uk/dp/B0CFZL2QR1,"avengers Marvel Titan Hero Series Blast Gear Deluxe Hulk Action Figure, 30-cm Toy, For Children Aged 4 and Up, Green",Fiyat bulunamadı,4.7 / 5,Stok detayı net değil,urun_gorselleri\urun_10.jpg,"The Avengers Marvel Titan Hero Series Hulk figure is a big hit with my child! At 30 cm, it’s the perfect size for small hands to hold and play with. The Blast Gear feature adds extra fun, making imaginative play even more exciting. The figure is sturdy and well-made, so it holds up to rough play. My little one enjoys recreating superhero battles and teaming him up with other Titan Hero figures. Overall, it’s a fun, interactive toy that any Marvel fan will love. My 3y old son love it .The hands legs and head are movable
---
Great value, tough and durable even when Hulk crashes through the bannisters and falls two storeys.
---
My kid has a set of these figures and he absolutely loves the hulk - just a big hulking robust figure - they got the proportions spot on!
---
Well made and sturdy,ideal for little ones.
---
If you’re looking for a gift that packs a punch without breaking the bank, the Avengers Marvel Titan Hero Series Blast Gear Deluxe figures are a staple for a reason. These are the heavy hitters of the toy aisle large, durable, and designed for actual play rather than sitting on a collector's shelf. They are large enough to feel substantial in a child’s hands and look impressive coming out of a gift box. Unlike the smaller 6-inch figures that can get lost under the couch, these have a real presence in a playroom. I bought this for my 3 year old and feels like it's quite safe for this age group and older ones. Great value for money rather than any cheaper products, flexible features and good material.",tamamlandi,2026-05-17 15:59:54
11,https://www.amazon.co.uk/dp/B07KXL72NJ,"Sonic 3 MOVIE Sonic the Hedgehog Shadow Figure & Motorcycle by Jakks Pacific, Officially Licensed Movie Collectible, Stands 5” / 12.7 cm Tall, Premium Action Figure, Suggested for Ages 3+",TRY 965.39,4.4 / 5,Stok detayı net değil,urun_gorselleri\urun_11.jpg,"Brought for someone in our house who is a Shadow fan. As described and good quality and brought for a decent price too.
---
Really cute, my nephew will love it. Seems good quality
---
Well made you for grandson who loves sonic
---
Great Sonic toy nice price
---
Great figure and posablity but hands have no possibility and paint chipped after 1 day .",tamamlandi,2026-05-17 15:59:54
12,https://www.amazon.co.uk/dp/B0GR5C75WT,"EDLMKM T13 Action Figure Set (Assembly Completed) Age 3+, T 13 3D Printed Model Figures, 3D Printed Multi-Jointed Movable Titan 13, Desktop Decorations for Game Lovers Toys",Fiyat bulunamadı,Puan bulunamadı,This item cannot be dispatched to your selected delivery location. Please choose a different delivery location.,urun_gorselleri\urun_12.jpg,,tamamlandi,2026-05-17 15:59:54
14,https://www.amazon.co.uk/dp/B07675MHHZ,BANDAI Anime Heroes Jujutsu Kaisen Gojo Hollow Purple Action Figure - 17cm Articulated Gojo Action Figure With Extra Accessories Jujutsu Kaisen Action Figures Toys Range - Excellent Anime Gift,£36.55,4.2 / 5,This item cannot be dispatched to your selected delivery location. Please choose a different delivery location.,urun_gorselleri\urun_14.jpg,"Bought this as a present for my son for Christmas it was instantly a hit he loves Jujutsu kaisen!
---
Amazing gojo figure definitely would recommend if you’re getting into collecting figures and the quality is great better than some figures I own
---
My 7 year old loved it! He especially loves the fact you can change the hands. Great quality product for fans of all ages
---
Is ok but the brand is bad they don't have good quality figs
---
Sone love it , quality is ok but if ur heavy handed it will fall apart",tamamlandi,2026-05-17 15:59:54
15,https://www.amazon.co.uk/dp/B0G3VCLPQ6,"8PCS Steal A Brainrot Action Figures Blind Bag Set, Cute Collectible Toys for Fans, Premium ABS Movable Figures, Fun Desk Decor & Stocking Fillers, Ideal Birthday, Christmas & Party Gifts",TRY436.83,4.2 / 5,This item cannot be dispatched to your selected delivery location. Please choose a different delivery location.,urun_gorselleri\urun_15.jpg,"Of all the big expensive presents my grandson got at Christmas he loved these 8 pieces the most ,and carried them around with him all day..He loved them .
---
My young en absolutely loved these
---
Lovely size, every blind bag had a different figure, good quality.
---
Unsure if extremely luck but got each one , originally thought it was a mystery bag.
---
Only received 7, not 8",tamamlandi,2026-05-17 15:59:54
16,https://www.amazon.co.uk/dp/B0CQTG857D,"Batman S1 Action Figure, 30 cm Tall, Fully Articulated for Exciting Adventures and Action Packed Stunts, Toy for Children Aged 4 and Above, Original Comic Design",This is the way to the Star Wars collectors corner,4.7 / 5,Stok detayı net değil,urun_gorselleri\urun_16.jpg,"Excellent quality and a good size.my grandson was thrilled.
---
Good strong well made figure.
---
Good Christmas present
---
Great,grandson loves it.
---
Great value and quality good figure arrived quickly",tamamlandi,2026-05-17 15:59:54
17,https://www.amazon.co.uk/dp/B0CCQB2LHH,"SPIDEY AND HIS AMAZING FRIENDS Marvel, Spidey Action Figure, Toy Motorcycle, Toys for 3-Year-Old Boys and Girls and Up, Red, Blue",Fiyat bulunamadı,4.7 / 5,This item cannot be dispatched to your selected delivery location. Please choose a different delivery location.,urun_gorselleri\urun_17.jpg,"I bought this for my great grandson, he loves it, and takes it everywhere with him. He loves the way Spideys head, arms and legs move. It is a really well made toy, infact it is better than I thought it would be for the money. Excellent value.
---
Item arrived on time and was exactly as described. It’s very popular in our preschool and with stands many children playing roughly with it.
---
For any spidey fan. My grandson loved the spidey figure and his bike. Durable plastic. Hours of fun
---
Bought as a gift. Quality looked acceptable and he seemed happy with it. Haven't received any negative feedback. Good value gift and a decent size
---
Great toy for the price",tamamlandi,2026-05-17 15:59:54
18,https://www.amazon.co.uk/dp/B0FH7Q3J6C,"STAR WARS The Black Series Darth Vader (Duel’s End), OBI-Wan Kenobi Premium Collectible 6 Inch Action Figure",TRY780.70,4.7 / 5,Stok detayı net değil,urun_gorselleri\urun_18.jpg,"In the collection and we'll detailed
---
Perfect for Star Wars fans, captures the best sceen in the Obi-wan series. The detail of the figure is highly accurate, would highly recommend.
---
Amazing figure. The detail of the cut through the helmet is amazing. Touch up with a little flame coloured acrylic and make it look like the scene from the Obi Wan series when Obi Wan slices through it with his sabre 👏🏻
---
Such a great figure, high quality and perfect for any collector.
---
OMG! You'll love this Black Series figure.",tamamlandi,2026-05-17 15:59:54
19,https://www.amazon.co.uk/dp/B0DBLXXPFN,"ÆDC Comics, SUPERMAN, Superman Vs. Kaiju Slime Battle, Action Figure with Giant Kids’ Playset, Super Heroes Toys for Boys and Girls Aged 4 and Up",Fiyat bulunamadı,4.6 / 5,Stok detayı net değil,urun_gorselleri\urun_19.jpg,"Very hogh quality models. So much more than a toy, more a collecctors piece than anything. Great price , wish I had bought 2 . A true bargain in every sence and a great toy if getting for the kids. Would recommend to buy for everyone, even collectors. Would buy again.
---
My son loves to play with these characters. I'm not to keen on the slime but of course my son loves it, great value for money.
---
Absolutely amazing toy for my grandson for a bargain price.
---
Much bigger than expected, great item
---
My grandson was very happy with this addition to his collection. Very well made,and I thought ,good value for money. Would recommend this item.",tamamlandi,2026-05-17 15:59:54
20,https://www.amazon.co.uk/dp/B0DSCJH6MX,"DC Comics, Batman Ninja Strike 30cm Batman Action Figure, Super Hero Collectible Kids Toys for Boys and Girls Ages 3 and Up",Fiyat bulunamadı,4.7 / 5,Stok detayı net değil,urun_gorselleri\urun_20.jpg,"This action figure is pretty awesome, I gotta say. The details on it are really cool. It's got a good weight to it and feels well-made, not like some flimsy plastic toys. The articulation is surprisingly good, allowing for a lot of dynamic posing. Definitely a great addition to any collection, especially if you're into these kinds of characters.
---
Well loved product by my son! Very good price for the size, ive spent more on smaller figures from other places.
---
Great for kids. Good size
---
I had the opportunity to review this as part of the Amazon Vine programme :) This Batman action figure is a must for any batman/DC fan! In the box you get one DC Comics 6‑inch Ninja Strike Batman figure, it comes with two ninja‑themed accessories for added play options, and it also has a detailed design so you do get a more authentic superhero look as well. The figure is articulated for posing, making it suitable for action scenes or display! My only gripe is that Batman's cape was ripped in one corner as it was outside of the packaging somehow. It can be used for stuff like imaginative play, superhero battles or as part of a Batman collection, and is suitable for anyone needing something that’s fun for kids aged 3 and up. The quality of this genuinely seems quite good (aside from the odd quality control issue), and to be fair, I’ve had no major issues with it at all (I mean, so far, anyway). Ultimately, though, it honestly does seem pretty good, and in my opinion, it is good value for money if you’re in the market for something like this!
---
Grandson loves it. Good value for money",tamamlandi,2026-05-17 15:59:54
21,https://www.amazon.co.uk/dp/B0DN6VMF1N,"Spidey and his Amazing Friends Marvel Web-Slinging Adventure Set, Spider-Man Action Figures, Grün",TRY385.79,4.8 / 5,This item cannot be dispatched to your selected delivery location. Please choose a different delivery location.,urun_gorselleri\urun_21.jpg,"Fun toys for any kids who enjoy the franchise. Well made with cool accessories, my Son loves them
---
Bought these as part of my nephew's Easter basket... Perfect little figures
---
Great quality lots of fun for my little girl, has been thrown about and hasn’t broken at all, pleased there’s not too many bits we could loose. Great resemblance to spidey and his amazing friends.
---
Smaller than i'd thought but must have bought in a rush. Thankfully got them at half price, as definitely not worth the £20 original price. A Christmas present for my small Spidey fan nephew & I'm sure he will be thrilled with them.
---
The figures were smaller than expected but little grandson loves them.",tamamlandi,2026-05-17 15:59:54
22,https://www.amazon.co.uk/dp/B0FJYDWJ1V,"The Super Mario Galaxy Movie Yoshi 5"" / 12.7cm Action Figure with Accessory, Officially Licensed by Jakks Pacific, 20 Points of Articulation, Includes Fun Accessories, for Ages 3+",This is the way to the Star Wars collectors corner,4.8 / 5,Stok detayı net değil,urun_gorselleri\urun_22.jpg,"Meet my expectations,my son loves it Quality is very good and also value for Money
---
Figures were great,packaging not so great boxes partly open and damaged
---
My kid loved it. Very well made
---
Great figure I needed it to add to my mario galaxy figure display. It fits in well but doesn't have loads of articulation. Would recommend if you're a fan of the movie or the game.
---
Good quality product. Highly recommended",tamamlandi,2026-05-17 15:59:54
24,https://www.amazon.co.uk/dp/B0GVJLJX85,"EDLMKM 2 Pack Assembly Completed T13 Action Figure, T13 Action Figure Set, Kids' Play Action Figures, 3D Printed Multi-Jointed, Kids' Play Action Figures Collectors Desktop Decorations",Fiyat bulunamadı,5.0 / 5,This item cannot be dispatched to your selected delivery location. Please choose a different delivery location.,urun_gorselleri\urun_24.jpg,"Son has a few of these ,quality is amazing",tamamlandi,2026-05-17 15:59:54
25,https://www.amazon.co.uk/dp/B0D87QKMYV,"Marvel Spider-Man VenomVersus Spider-Man Liquid Shifter Action Figure with Accessories, Black",Fiyat bulunamadı,4.7 / 5,Stok detayı net değil,urun_gorselleri\urun_25.jpg,"If you have a Spider-Man fan in the house, this VenomVersus set is a must-have. It’s rare to find a toy that manages to be both a great display piece for a shelf and a rugged toy that can survive a ""superhero battle"" in the garden, but this one nails it. What makes it ""cool"": The Scale: These aren't tiny figures. At roughly 11 inches (Titan Hero scale), they feel substantial in a child’s hand. It makes the battles feel much more ""epic"" compared to the smaller 6-inch versions. The ""Venomization"" Feature: (For the Liquid Shifter version) The way the black ""venom"" liquid surges through the figure when you press the arm is a brilliant touch. It’s a very clever mechanical effect that doesn't require batteries, which is a win for parents! Battle-Ready Accessories: The included symbiote claws and web accessories actually stay on during play. They add a lot of ""customization"" options for kids who like to imagine Spidey is slowly being taken over by the symbiote. Tough as Nails: My kids have dropped these, bashed them together, and even taken them into the bath, and the paintwork has held up remarkably well. They are definitely built to be played with, not just looked at. Great Posing: While they aren't ""collector-grade"" articulation, they have enough movement in the head and arms to create some classic comic book poses. Verdict: This is the perfect gift for any kid (or ""big kid"") who loves the Spider-Verse. It captures the dark, edgy look of Venom perfectly while keeping the classic Spider-Man charm. Great value for the size and the amount of play you get out of it!
---
Good quality product with excellent packaging. Made of durable material, my daughter loved this as a marvel character toy!
---
My son loves it Very good quality Changing colour as it supposed to
---
Great toy and brilliant value for money.
---
Great figure well made good value and quality arrived quickly",tamamlandi,2026-05-17 15:59:54
26,https://www.amazon.co.uk/dp/B0FDWQVJKT,"Marvel Spider-Man Titan Series Action Figure, 30-cm (12 inch) Super Hero Toys for Children Ages 4+, Red",This is the way to the Star Wars collectors corner,4.7 / 5,Stok detayı net değil,urun_gorselleri\urun_26.jpg,"If it is robust enough for my grandson then that’s good enough for me. He absolutely loves it.
---
It looked good and it was a great price.
---
5 yr old grandson loves this, as the limbs & head are so well articulated
---
Good size and moveable joints but the plastic feels quite cheap
---
Very good value. Just hope it's durable. Would buy again",tamamlandi,2026-05-17 15:59:54
